sequence	frame																
	label																
	tags																
0	0	1.1635715961456299	1.2438502311706543	1.1865932941436768	1.3197441101074219	1.2616978883743286	1.2451165914535522	1.3062551021575928	1.2434897422790527	1.2475799322128296	1.1784709692001343	1.42075514793396	1.252671480178833	1.2095909118652344	1.3134092092514038	1.135705590248108	1.1843961477279663
1	0	1.1853256225585938	1.1380393505096436	1.105181336402893	1.3777670860290527	1.2492672204971313	1.1633944511413574	1.1543147563934326	1.21396803855896	1.1934497356414795	1.1004122495651245	1.397540807723999	1.153293251991272	1.2260831594467163	1.2330727577209473	1.264267921447754	1.2081964015960693
2	0	1.1444246768951416	1.1396048069000244	1.0393956899642944	1.198717474937439	1.2297683954238892	1.1624817848205566	1.2268072366714478	1.1408017873764038	1.1871832609176636	1.1093027591705322	1.312863826751709	1.111915111541748	1.1200119256973267	1.2332874536514282	1.0815684795379639	1.1634633541107178
3	0	1.0914756059646606	1.1231173276901245	1.0775022506713867	1.3047945499420166	1.1820292472839355	1.1260050535202026	1.1287816762924194	1.1317856311798096	1.1406053304672241	1.0339689254760742	1.297729253768921	1.126794695854187	1.1566438674926758	1.1152048110961914	1.1668744087219238	1.097365379333496
4	0	1.1133008003234863	1.1671565771102905	1.0603909492492676	1.19903564453125	1.183879017829895	1.1457302570343018	1.1999242305755615	1.1508510112762451	1.201859951019287	1.0840566158294678	1.2912791967391968	1.0874954462051392	1.1430895328521729	1.2365646362304688	1.121260643005371	1.2105270624160767
5	0	1.1438581943511963	1.1708564758300781	1.1097691059112549	1.2877317667007446	1.2525681257247925	1.202581763267517	1.1855612993240356	1.1443811655044556	1.1734251976013184	1.118078589439392	1.2744356393814087	1.1674342155456543	1.1803898811340332	1.2582446336746216	1.159579873085022	1.1828715801239014
6	0	1.198440432548523	1.1227675676345825	1.0796102285385132	1.2729761600494385	1.2558302879333496	1.1300121545791626	1.090730905532837	1.1965535879135132	1.218731164932251	1.0966166257858276	1.3251005411148071	1.0693715810775757	1.152513861656189	1.2680286169052124	1.1505906581878662	1.287480115890503
7	0	1.1454967260360718	1.1935005187988281	1.3390346765518188	1.319333791732788	1.2340797185897827	1.2397189140319824	1.1629515886306763	1.224435806274414	1.2128262519836426	1.1067944765090942	1.2460025548934937	1.1419919729232788	1.1599757671356201	1.3475004434585571	1.1919456720352173	1.2334343194961548
8	0	1.12643301486969	1.1713314056396484	1.6396875381469727	1.2454155683517456	1.238267421722412	1.1380311250686646	1.1743836402893066	1.1935193538665771	1.2140755653381348	1.0594394207000732	1.2770311832427979	1.1874147653579712	1.1983329057693481	1.276840090751648	1.1959270238876343	1.222872018814087
9	0	1.0788122415542603	1.1799079179763794	1.3933501243591309	1.5517940521240234	1.1944458484649658	1.194638729095459	1.2750147581100464	1.1356139183044434	1.144723653793335	1.0880521535873413	1.223263144493103	1.3240132331848145	1.1605324745178223	1.2458271980285645	1.1879862546920776	1.1758877038955688
10	0	1.1424084901809692	1.1455544233322144	1.478354573249817	1.2315109968185425	1.180127501487732	1.1275525093078613	1.1535375118255615	1.1209582090377808	1.1431165933609009	1.0600513219833374	1.2851301431655884	1.1268367767333984	1.115578293800354	1.22066068649292	1.0837568044662476	1.1869637966156006
11	0	1.0976592302322388	1.1643117666244507	1.1060757637023926	1.2096161842346191	1.204438328742981	1.134771466255188	1.118260383605957	1.1007835865020752	1.08428156375885	1.0456205606460571	1.4772436618804932	1.1315689086914062	1.0867841243743896	1.160030484199524	1.0827010869979858	1.09879469871521
12	0	1.1484192609786987	1.2191078662872314	1.7255752086639404	1.2515994310379028	1.1959720849990845	1.1164445877075195	1.098539113998413	1.3606414794921875	1.205183506011963	1.0605599880218506	1.2566930055618286	1.1616935729980469	1.1111425161361694	1.1968921422958374	1.0696519613265991	1.1569178104400635
13	0	1.1023293733596802	1.226576805114746	1.892475962638855	1.2679874897003174	1.198570966720581	1.18294358253479	1.0965161323547363	1.1913167238235474	1.1548619270324707	1.0335859060287476	1.235520362854004	1.1199133396148682	1.1356431245803833	1.3550167083740234	1.1467267274856567	1.1363513469696045
14	0	1.0961414575576782	1.0800360441207886	1.611711025238037	1.2131335735321045	1.2251564264297485	1.118847370147705	1.083901047706604	1.1773123741149902	1.1537213325500488	1.0617947578430176	1.2422276735305786	1.2360526323318481	1.0971453189849854	1.2513316869735718	1.138511061668396	1.1686265468597412
15	0	1.0769628286361694	1.1163698434829712	1.371117115020752	1.1802395582199097	1.1355034112930298	1.1284639835357666	1.1212743520736694	1.09409761428833	1.1215040683746338	1.0501713752746582	1.1858571767807007	1.8619308471679688	1.0882883071899414	1.2290918827056885	1.057863712310791	1.2176029682159424
16	0	1.1163665056228638	1.057105541229248	1.2139577865600586	1.4701179265975952	1.2695351839065552	1.1077653169631958	1.0351547002792358	1.1265203952789307	1.0973241329193115	1.0653935670852661	1.2553004026412964	1.3380296230316162	1.1402000188827515	1.251691222190857	1.1939811706542969	1.0976817607879639
17	0	1.0869128704071045	1.143919825553894	1.165151596069336	1.1584020853042603	1.123837947845459	1.1165105104446411	1.1266893148422241	1.1258844137191772	1.1506081819534302	1.0542484521865845	1.172911524772644	1.1651486158370972	1.0622355937957764	1.1433568000793457	1.0252504348754883	1.1406900882720947
18	0	1.1576836109161377	1.0923386812210083	1.1209487915039062	1.2105293273925781	1.2476774454116821	1.1382538080215454	1.0898181200027466	1.1347907781600952	1.1927069425582886	1.1238044500350952	1.2595713138580322	1.1029828786849976	1.1088957786560059	1.2532864809036255	1.1274787187576294	1.170316219329834
19	0	1.0452510118484497	1.0961648225784302	1.0411019325256348	1.1775861978530884	1.1569992303848267	1.1115150451660156	1.057086706161499	1.0776346921920776	1.058896780014038	1.1133650541305542	1.1537790298461914	1.0184109210968018	1.1267367601394653	1.2597565650939941	1.0918763875961304	1.0738856792449951
20	0	1.0347965955734253	1.0480399131774902	0.9992007613182068	1.1330015659332275	1.1036159992218018	1.0628838539123535	1.027282476425171	1.0905487537384033	1.063913345336914	1.0688326358795166	1.222356915473938	1.0223678350448608	1.0690069198608398	1.140250563621521	1.0049378871917725	1.121444821357727
21	0	1.090664029121399	1.0611968040466309	1.0084995031356812	1.1547822952270508	1.0913705825805664	1.0626839399337769	1.009293794631958	1.0950024127960205	1.0727893114089966	0.9900664687156677	1.1200335025787354	0.9865331053733826	1.090514063835144	1.0538889169692993	1.060706377029419	1.0748308897018433
22	0	1.1087963581085205	1.0906509160995483	0.9712314009666443	1.0756969451904297	1.1646099090576172	1.0440267324447632	1.0545662641525269	1.0635015964508057	1.0913535356521606	1.0910017490386963	1.3293789625167847	1.0956900119781494	1.0154938697814941	1.0742884874343872	0.9714829921722412	1.07163405418396
23	0	1.1154398918151855	1.052336573600769	1.0345866680145264	1.1437289714813232	1.1171358823776245	1.0559483766555786	0.9957688450813293	1.1047903299331665	1.1204060316085815	1.053268313407898	1.1360986232757568	1.0268642902374268	1.0834325551986694	1.096911907196045	1.1174565553665161	1.0684019327163696
24	0	1.0155876874923706	1.0500298738479614	0.9743500351905823	1.06252920627594	1.0648109912872314	1.0699862241744995	1.093940019607544	1.0140087604522705	1.0474817752838135	1.1138464212417603	1.1168116331100464	1.1460872888565063	1.0293488502502441	1.09217369556427	0.9769461750984192	1.0222132205963135
25	0	1.0762501955032349	1.014007568359375	0.9704012870788574	1.1564282178878784	1.060546636581421	1.0095117092132568	0.9724569320678711	1.0750006437301636	1.0521361827850342	1.0229912996292114	1.0360159873962402	1.040510892868042	1.0775569677352905	1.033041000366211	1.0745700597763062	1.0427929162979126
26	0	1.008837103843689	1.0702788829803467	0.9865986704826355	1.0874911546707153	1.038515567779541	1.064819097518921	1.0419259071350098	1.0045794248580933	1.0860100984573364	1.0230214595794678	1.1123957633972168	1.0657495260238647	1.0186153650283813	1.0807701349258423	0.9493042230606079	1.0184462070465088
27	0	1.127506971359253	1.0691198110580444	1.040112018585205	1.1705325841903687	1.0989075899124146	1.0388909578323364	1.0274696350097656	1.109303593635559	1.0785874128341675	1.035461187362671	1.059059500694275	1.1375147104263306	1.1116822957992554	1.0640019178390503	0.9963008165359497	1.1918226480484009
28	0	1.080268144607544	1.1225274801254272	1.0626592636108398	1.1058721542358398	1.0976892709732056	1.1170657873153687	1.013732671737671	1.1040228605270386	1.0978498458862305	1.080773115158081	1.1151787042617798	1.0069446563720703	1.096981406211853	1.0432981252670288	1.023566722869873	1.1512571573257446
29	0	1.049643635749817	1.0558515787124634	0.9823417067527771	1.0885754823684692	1.0674564838409424	1.0404763221740723	1.0361709594726562	1.042026400566101	1.043626308441162	1.057604193687439	1.1229889392852783	1.0250134468078613	1.0095192193984985	1.0513148307800293	0.9435071349143982	1.0166922807693481
30	0	1.077781319618225	1.0660055875778198	1.0226930379867554	1.1238828897476196	1.1157901287078857	1.058567762374878	0.9945005178451538	1.1119928359985352	1.058234691619873	1.0301176309585571	1.1341350078582764	1.0943695306777954	1.0986448526382446	1.0394388437271118	1.0327328443527222	1.2150987386703491
31	0	1.0362638235092163	1.1134427785873413	1.001045823097229	1.144514799118042	1.0967401266098022	1.1032742261886597	1.0539110898971558	1.0633424520492554	1.066941499710083	1.0599626302719116	1.0955947637557983	1.1051411628723145	1.0585575103759766	1.0895992517471313	1.0075088739395142	1.1313998699188232
32	0	1.084908366203308	1.0707852840423584	0.9885791540145874	1.1301348209381104	1.112824559211731	1.074475646018982	1.0416182279586792	1.0894808769226074	1.0831602811813354	1.037419319152832	1.1277179718017578	1.0928128957748413	1.0782805681228638	1.0774931907653809	0.9870731234550476	1.0977230072021484
33	0	1.0382434129714966	1.0122572183609009	0.9774203896522522	1.4155492782592773	1.091894268989563	1.038705825805664	0.9678865671157837	1.0829617977142334	1.037542462348938	1.0137463808059692	1.022688627243042	1.05695378780365	1.0785232782363892	1.0500600337982178	1.0719211101531982	0.9963456392288208
34	0	1.0275460481643677	1.1047866344451904	1.0438534021377563	1.1034207344055176	1.1061769723892212	1.0786383152008057	1.0636709928512573	1.06404447555542	1.0912137031555176	1.1314404010772705	1.1283098459243774	1.2037785053253174	1.0553842782974243	1.3389649391174316	0.9687293767929077	1.075706124305725
35	0	1.130831241607666	1.0353853702545166	0.9584329724311829	1.1539641618728638	1.215080738067627	1.0665605068206787	1.0215526819229126	1.0846059322357178	1.1156885623931885	1.0868977308273315	1.0963886976242065	1.0748155117034912	1.1037566661834717	1.2459551095962524	0.9992425441741943	1.0653672218322754
36	0	1.0624470710754395	1.0596688985824585	1.0004448890686035	1.135110855102539	1.1007466316223145	1.083940029144287	0.9913205504417419	1.0767155885696411	1.0933650732040405	1.0402923822402954	1.0488471984863281	1.0618003606796265	1.0560659170150757	1.093963384628296	1.115439534187317	1.0501083135604858
37	0	1.0324724912643433	1.0111467838287354	0.9493756890296936	1.0622719526290894	1.0328294038772583	1.0397045612335205	1.0122897624969482	0.9588879942893982	1.005473017692566	0.9827253818511963	1.0606920719146729	0.9754422903060913	1.0256967544555664	1.0185047388076782	0.9170644879341125	1.0551260709762573
38	0	1.1012396812438965	0.9959254860877991	0.9517654180526733	1.1107243299484253	1.0580768585205078	1.0295604467391968	0.9682044982910156	1.0545732975006104	1.0314918756484985	1.00188148021698	1.030298113822937	0.9885947108268738	1.0359381437301636	1.0208344459533691	1.1293214559555054	1.0671745538711548
39	0	1.0254641771316528	1.094201922416687	0.9722417593002319	1.065675139427185	1.0357173681259155	1.0352293252944946	1.0325613021850586	1.0177583694458008	1.007133960723877	0.9799943566322327	1.0433076620101929	0.9987128973007202	1.0007835626602173	1.0040900707244873	1.002054214477539	1.0100542306900024
40	0	1.0637880563735962	0.9935722947120667	0.9395094513893127	1.154941201210022	1.0628726482391357	0.9963164329528809	0.9676262140274048	1.04082453250885	1.0079460144042969	1.0086743831634521	1.082173228263855	1.0249909162521362	1.0704965591430664	1.0090768337249756	1.078856348991394	1.040941834449768
41	0	1.047320008277893	1.0314668416976929	0.9464475512504578	1.093235969543457	1.0136702060699463	1.0449122190475464	1.0337847471237183	1.0018582344055176	0.97785484790802	1.0452748537063599	1.049744725227356	1.0606272220611572	1.0240398645401	1.0512768030166626	0.9813780188560486	0.9803903698921204
42	0	1.0586909055709839	0.9941616654396057	0.935924768447876	1.0430262088775635	1.0472283363342285	1.0175031423568726	0.9844588041305542	1.0140272378921509	1.0095032453536987	1.0108599662780762	1.0490589141845703	0.9639798402786255	1.001123309135437	1.0420281887054443	0.9675454497337341	1.010226845741272
43	0	1.0284706354141235	1.0798331499099731	0.9675297737121582	1.069812536239624	1.0210777521133423	1.0258663892745972	0.9712184071540833	1.0559759140014648	1.0440163612365723	1.0395143032073975	1.0827292203903198	1.0375330448150635	1.0251644849777222	1.0244868993759155	1.0344778299331665	1.050458550453186
44	0	0.9947649240493774	1.6054846048355103	1.340468168258667	1.0329498052597046	1.058513879776001	1.0566649436950684	1.020780086517334	1.0035234689712524	1.007964849472046	1.0270394086837769	1.028881311416626	1.1660069227218628	1.0586997270584106	1.0576990842819214	1.1000146865844727	1.0578737258911133
45	0	1.0881812572479248	1.5864259004592896	1.8174234628677368	1.1635156869888306	1.089781403541565	1.0676357746124268	0.9841837882995605	1.021846890449524	1.0271152257919312	1.0251471996307373	1.0916651487350464	1.0367026329040527	1.1070502996444702	1.0806387662887573	1.1747217178344727	1.0565299987792969
46	0	1.0845903158187866	1.3983737230300903	1.4554373025894165	1.0724847316741943	1.1270142793655396	1.1030683517456055	1.037095308303833	1.0408875942230225	1.0289249420166016	1.0347152948379517	1.247958779335022	1.0956734418869019	1.0540183782577515	1.0559533834457397	1.0455107688903809	1.0849941968917847
47	0	1.056396484375	1.1369878053665161	1.4096308946609497	1.1284347772598267	1.08930242061615	1.082943081855774	1.0032017230987549	1.009448528289795	1.0173567533493042	1.0441371202468872	1.0907478332519531	1.0766829252243042	1.030959963798523	1.1036123037338257	0.9730113744735718	1.0334398746490479
48	0	1.0736331939697266	1.0586016178131104	1.1449005603790283	1.0751372575759888	1.0592783689498901	1.0205273628234863	0.9033752083778381	1.0128943920135498	1.0080268383026123	0.9950920939445496	1.050917625427246	0.9995607733726501	1.016097903251648	0.9824747443199158	1.0661169290542603	1.031872272491455
49	0	1.0137426853179932	1.025525689125061	1.0007386207580566	1.098633885383606	1.0326184034347534	1.0677223205566406	1.0363714694976807	0.9787560105323792	0.9686715006828308	0.9808667302131653	1.0807476043701172	1.0061687231063843	0.9893192648887634	0.990612268447876	0.9414148330688477	0.9723878502845764
50	0	1.0453377962112427	0.9995517134666443	0.9522414803504944	1.1098016500473022	1.0479851961135864	1.0264922380447388	0.9629969000816345	1.0263917446136475	0.9956538677215576	1.0210464000701904	1.065722107887268	1.0604805946350098	1.0012611150741577	0.9972848892211914	1.055313229560852	1.047820806503296
51	0	0.9970041513442993	1.0233646631240845	0.9592417478561401	1.0651215314865112	1.0036505460739136	1.035292148590088	0.993120551109314	0.9578850865364075	0.9643371105194092	1.033509612083435	1.0305545330047607	0.9884673357009888	0.924884557723999	0.9708684086799622	0.9839305281639099	0.9898511171340942
52	0	1.0495036840438843	1.0635358095169067	1.0910190343856812	1.0768308639526367	1.024765133857727	1.0240923166275024	0.9754047393798828	1.0441327095031738	1.0572577714920044	1.0032902956008911	1.0030088424682617	1.105852723121643	0.9985931515693665	1.0070124864578247	1.018645167350769	1.0908490419387817
53	0	1.0457618236541748	1.2941617965698242	1.3983194828033447	1.2948428392410278	1.1213693618774414	1.1523381471633911	1.0170388221740723	1.0190166234970093	1.0553418397903442	1.0627882480621338	1.049458384513855	1.0739449262619019	1.0298041105270386	1.1739628314971924	1.043526530265808	1.0702993869781494
54	0	1.0363929271697998	1.0367650985717773	1.1074092388153076	1.1617180109024048	1.044796347618103	1.0344501733779907	0.991105318069458	0.9714356064796448	1.0278496742248535	0.9721089601516724	1.0487512350082397	1.0552425384521484	1.0001336336135864	1.0337409973144531	0.9706524014472961	1.0303412675857544
55	0	1.0320831537246704	1.0162533521652222	1.1093257665634155	1.111596941947937	1.0537999868392944	1.0444215536117554	0.976418673992157	1.0239505767822266	1.0264086723327637	1.009421944618225	1.061719298362732	1.0048922300338745	1.0601974725723267	1.0424187183380127	1.0217170715332031	0.9849662184715271
56	0	1.080556869506836	1.0027717351913452	0.9960069060325623	1.0531480312347412	1.002625823020935	1.0456949472427368	0.988862156867981	0.978365957736969	1.0249046087265015	0.9719691276550293	1.0806357860565186	1.058683156967163	0.9678723812103271	1.002414584159851	0.9940268397331238	0.9916414618492126
57	0	1.015297770500183	0.9483017921447754	0.9132673740386963	1.0378739833831787	0.978043258190155	0.9701203107833862	0.917880654335022	1.0149877071380615	0.975226640701294	1.0442006587982178	0.9856308698654175	1.04586660861969	1.022284984588623	0.9338023662567139	0.9904959797859192	0.9885963201522827
58	0	1.0111281871795654	1.0017379522323608	0.962077796459198	0.9923979640007019	1.0171170234680176	1.0472882986068726	0.9668147563934326	0.9889432787895203	0.9915532469749451	1.0200048685073853	1.0036191940307617	1.0036512613296509	0.8710458874702454	0.976166307926178	0.9533145427703857	0.9936599135398865
59	0	1.0180665254592896	0.9602604508399963	0.9164190888404846	1.0247212648391724	0.9962900280952454	0.9871178269386292	0.9644415974617004	0.9741138815879822	0.9771978855133057	1.0320042371749878	1.0201945304870605	1.0195339918136597	1.0498472452163696	0.9434729814529419	0.9538588523864746	0.9290881752967834
60	0	1.008884310722351	0.9868270754814148	0.9171144962310791	1.0248920917510986	0.9778627157211304	1.0041860342025757	0.9557952284812927	0.987255334854126	0.9887213706970215	0.9211852550506592	0.991661787033081	0.9729898571968079	1.033258080482483	0.9366448521614075	0.9710206389427185	1.0149562358856201
61	0	1.0330784320831299	0.964398980140686	0.9366278648376465	1.0194307565689087	0.9941480159759521	0.9844182729721069	0.9699903726577759	0.9642145037651062	0.9533550143241882	0.9902306199073792	1.0497121810913086	1.0103651285171509	1.054527997970581	0.9082830548286438	0.9523329734802246	0.9453014135360718
62	0	0.9985528588294983	1.0013129711151123	0.9181725382804871	1.0226079225540161	0.9729872941970825	0.9310599565505981	1.0130178928375244	0.9723902940750122	0.9737489223480225	1.0318892002105713	1.0087802410125732	0.9996920824050903	1.039762258529663	0.9015417695045471	0.9819886088371277	0.9839550256729126
63	0	1.0715973377227783	0.9703179597854614	0.9521195888519287	1.0120471715927124	0.9755634069442749	0.9872982501983643	1.034501552581787	0.9740568399429321	0.9423721432685852	0.9769536256790161	1.0351519584655762	1.0225938558578491	1.0173473358154297	0.9520706534385681	0.9840216636657715	0.9450477361679077
64	0	0.9148215055465698	0.9812608957290649	0.9263262152671814	1.0292985439300537	0.9711773991584778	0.960750937461853	0.9937540292739868	0.987377405166626	0.9518917202949524	0.9566723704338074	0.9905089139938354	0.9596077799797058	1.057602882385254	0.8947225213050842	0.9450520873069763	0.9281483292579651
65	0	0.9586765766143799	0.9296848773956299	0.9024880528450012	0.9935709238052368	0.9665439128875732	0.9789778590202332	0.9791017770767212	0.927126944065094	0.9264239072799683	0.9633734822273254	1.0070041418075562	0.9222732782363892	0.984959065914154	0.9126912951469421	0.9293657541275024	0.9088693857192993
66	0	0.9259505271911621	0.9594873785972595	0.9214589595794678	0.9514951705932617	0.9713379144668579	0.9667947888374329	0.9635223150253296	0.973133385181427	0.9695030450820923	0.975960910320282	0.9785521626472473	0.9389784336090088	0.933263897895813	0.9038917422294617	1.0031181573867798	0.9773324131965637
67	0	0.9826489686965942	0.9812217354774475	0.9380002617835999	0.9379753470420837	0.9545307755470276	0.9761609435081482	0.997414767742157	0.9538336992263794	0.9413006901741028	0.88333660364151	0.9771901965141296	1.0599950551986694	0.9839659929275513	0.9090031981468201	0.8932096362113953	0.9548889994621277
68	0	0.9866331815719604	0.9587329030036926	0.9246456623077393	1.0005474090576172	0.9592613577842712	0.9836902022361755	0.9866592288017273	0.9700548648834229	0.9565675854682922	1.0128200054168701	0.9486340284347534	0.9706032276153564	0.9530806541442871	0.9592020511627197	0.9668846726417542	0.9740857481956482
69	0	0.9858092069625854	0.9324311017990112	0.9170631170272827	0.9808173179626465	0.9392024874687195	0.9765035510063171	0.9746253490447998	0.9434133768081665	0.917504608631134	0.9605795741081238	1.0064111948013306	0.9353499412536621	0.9289120435714722	0.967956006526947	0.9356207847595215	0.9693506956100464
70	0	0.957213819026947	0.9772000908851624	0.9179528951644897	0.9910268783569336	0.9408674240112305	1.0245933532714844	0.9802411794662476	0.9559775590896606	0.9127587676048279	0.9780796766281128	0.9951518774032593	0.9826939105987549	0.9802607297897339	0.9255571961402893	0.98262619972229	0.9667225480079651
71	0	1.0047115087509155	0.9481761455535889	0.9105474352836609	0.9625291228294373	0.9687899351119995	0.9661115407943726	0.9759684801101685	0.9641687273979187	0.9650645852088928	0.9887016415596008	0.9836903214454651	0.9718005657196045	0.9545150399208069	0.9480525255203247	0.9832414984703064	1.061174750328064
72	0	1.0092014074325562	1.29050612449646	0.9515880942344666	0.9726084470748901	1.0060917139053345	1.0302150249481201	1.0404834747314453	0.9860636591911316	0.9854487180709839	0.9904270768165588	1.1428442001342773	0.9882947206497192	0.9836723208427429	0.9816076755523682	1.0073460340499878	0.9928117990493774
73	0	1.022418737411499	1.0688401460647583	0.9759935140609741	1.0087597370147705	0.9993405938148499	0.9967619776725769	1.0284379720687866	0.989108681678772	1.0164698362350464	1.0179535150527954	1.0345097780227661	1.2056893110275269	0.980151355266571	0.9713802337646484	0.9703574180603027	1.137325644493103
74	0	0.974614679813385	1.0069330930709839	0.9578123688697815	1.023115634918213	1.0082550048828125	1.0227285623550415	0.958174467086792	0.9836280345916748	0.9834929704666138	0.8992149233818054	1.000177264213562	1.015566110610962	1.0205914974212646	1.242195963859558	1.0856672525405884	1.093650460243225
75	0	0.949489951133728	0.9269651174545288	0.8990612030029297	0.969399094581604	0.9386372566223145	0.9730247855186462	0.9848509430885315	0.9352812170982361	0.9055051803588867	0.9650712609291077	0.9702528119087219	0.9502036571502686	0.9285562038421631	0.9508096575737	0.9583251476287842	0.9848067760467529
76	0	0.9354846477508545	0.9281739592552185	0.9050072431564331	0.9488686323165894	0.9438803195953369	0.9791838526725769	0.9520696997642517	0.933455765247345	0.9190286993980408	0.9249105453491211	0.9142053127288818	0.8441967964172363	0.9356081485748291	0.9150710701942444	0.9771161079406738	0.9315505623817444
77	0	0.9572039246559143	0.9083038568496704	0.8813143372535706	0.9341506361961365	0.9193435311317444	0.9584802985191345	0.9723266363143921	0.9172877669334412	0.886606752872467	0.9387102127075195	0.9780527353286743	0.9201101064682007	0.9214708805084229	0.9178828001022339	0.945283830165863	0.9434877038002014
78	0	0.9516348838806152	0.9333705306053162	0.902219831943512	0.9879790544509888	0.9238025546073914	0.9527280330657959	0.9647254943847656	0.9429512619972229	0.9614381790161133	0.9456415176391602	0.9565689563751221	1.0050458908081055	0.960347056388855	0.891277551651001	1.0384962558746338	0.9916896224021912
79	0	0.9877873063087463	0.9484735131263733	0.9257546067237854	0.8996713757514954	0.9514580965042114	0.9837048649787903	1.0247540473937988	0.9345754384994507	0.94884192943573	0.9574698805809021	1.006919503211975	0.9395480155944824	0.9021860361099243	0.9550652503967285	0.9795136451721191	0.9870993494987488
80	0	0.9925670027732849	0.9497352242469788	0.9403672814369202	0.9739367365837097	0.9494967460632324	0.9635317921638489	0.9423916339874268	0.9684128761291504	0.9714512825012207	0.9464755058288574	0.9532195925712585	0.9799476265907288	0.9463261961936951	0.9237462878227234	1.061245322227478	0.989108681678772
81	0	0.9464618563652039	0.9952517151832581	0.9384552836418152	0.9313340783119202	0.951842188835144	1.000503659248352	1.0327820777893066	0.9697073101997375	0.9984610080718994	1.0046323537826538	0.930519163608551	0.9666367769241333	0.9471510648727417	0.9127411842346191	1.0067839622497559	0.9555927515029907
82	0	0.99103182554245	0.8941400647163391	0.9148270487785339	1.0184037685394287	0.9909685254096985	0.9554600119590759	0.9484816789627075	0.9823203086853027	0.9417127966880798	0.9638499021530151	0.9716927409172058	0.9444148540496826	0.9679812788963318	0.9064977169036865	1.065627932548523	0.978043258190155
83	0	0.9161654710769653	0.9598326683044434	0.9282544851303101	0.9295088648796082	0.9067955017089844	0.9808956384658813	1.0228385925292969	0.9314044117927551	0.9541754722595215	0.9883366227149963	0.9427934288978577	0.9111376404762268	0.9412266612052917	0.8962247967720032	0.9690800905227661	0.9377343058586121
84	0	0.9763069748878479	0.8961657285690308	0.8961843848228455	0.9489989876747131	0.9138221740722656	0.9393962025642395	0.9324420094490051	0.9575938582420349	0.945878267288208	0.9416788220405579	0.9634653925895691	0.9280683398246765	0.9412086606025696	0.8961877226829529	1.0016911029815674	0.9609904289245605
85	0	0.9090165495872498	0.9668758511543274	0.9232744574546814	0.9238247871398926	0.9019157290458679	0.98630291223526	0.9830639362335205	0.950774610042572	0.9369913935661316	1.0095471143722534	0.8993901014328003	0.9147076606750488	0.9437466263771057	0.912830114364624	0.9555490612983704	0.9239920377731323
86	0	0.9800025820732117	0.8945413827896118	0.8855253458023071	0.9597206711769104	0.9386875629425049	0.9444684982299805	0.9492956399917603	0.9570782780647278	0.9189331531524658	0.9508026242256165	0.9576536417007446	0.8959669470787048	0.9112639427185059	0.9134116172790527	0.9731004238128662	0.9524539113044739
87	0	0.9578471183776855	0.969454288482666	0.9602394700050354	0.8799481391906738	0.9005459547042847	0.9844338893890381	1.008737325668335	0.976418673992157	0.9639137387275696	0.9915862679481506	0.9020840525627136	0.948692798614502	0.9460795521736145	0.9471361637115479	0.9430360794067383	0.9461528658866882
88	0	1.088091492652893	0.9549886584281921	1.1459636688232422	0.9336919784545898	1.0103497505187988	0.9774491190910339	1.006822109222412	0.9982616901397705	0.9403068423271179	0.9615541100502014	1.1899819374084473	1.1130223274230957	0.9952582716941833	0.9299415946006775	0.969640851020813	0.9933618307113647
89	0	1.0356961488723755	0.9863559603691101	1.0578055381774902	0.9139810800552368	0.9542274475097656	1.016587257385254	1.0041402578353882	0.9936292171478271	0.9878579378128052	0.9788740277290344	0.9503487944602966	1.0356898307800293	1.0128746032714844	0.9861009120941162	1.0015020370483398	1.0287988185882568
90	0	1.0283417701721191	1.0169016122817993	1.0008571147918701	0.9166858196258545	0.9760064482688904	1.001692295074463	1.0167196989059448	1.022489309310913	1.0141270160675049	0.9527254700660706	0.9491824507713318	1.1905324459075928	0.9768748879432678	1.0075180530548096	0.9757461547851562	0.9875448942184448
91	0	1.004198431968689	0.9211130142211914	0.9590160250663757	0.9315122961997986	0.9589352011680603	0.9698733687400818	0.9451067447662354	1.0478053092956543	0.9799662232398987	0.9535975456237793	0.9281774759292603	1.0002745389938354	1.0137813091278076	0.9714090824127197	1.086538553237915	0.9447598457336426
92	0	0.9219500422477722	0.9384557008743286	0.920577347278595	0.8692894577980042	0.8888464570045471	0.9613751173019409	0.9868144989013672	0.9476327896118164	0.9310527443885803	0.9678230881690979	0.8739099502563477	0.9476712942123413	0.9391071200370789	0.8926958441734314	0.9265501499176025	0.8851528763771057
93	0	0.9686279892921448	0.8661136627197266	0.8929113149642944	0.9046284556388855	0.9124366641044617	0.9436442255973816	0.9012293219566345	0.9525619149208069	0.8921105861663818	0.9147502183914185	0.8939505219459534	0.9345895648002625	0.9816445112228394	0.8661425113677979	1.05502188205719	0.9244788289070129
94	0	0.9080538153648376	0.9391839504241943	0.9175506830215454	0.8366967439651489	0.8671913743019104	0.9438770413398743	0.9875357151031494	0.9270588159561157	0.9077354073524475	0.9556095004081726	0.8329039216041565	0.8500564694404602	0.9531580209732056	0.8916398882865906	0.9109368920326233	0.8919841647148132
95	0	0.931556224822998	0.8902819752693176	0.900053083896637	0.8453393578529358	0.9037784337997437	0.919085681438446	0.946260929107666	0.9260250329971313	0.9338597655296326	0.9345796704292297	0.8590856790542603	0.9447920918464661	0.8686315417289734	0.8684757351875305	1.0072391033172607	0.933546781539917
96	0	0.9384963512420654	0.9771232008934021	0.9332758188247681	0.8630902171134949	0.9042868614196777	0.9808858036994934	0.9784340858459473	0.9692224860191345	0.914474606513977	0.9906454682350159	0.8335394859313965	0.891387939453125	1.0004150867462158	0.9001129269599915	0.973223090171814	0.9155005216598511
97	0	0.937117338180542	0.8894418478012085	0.928253710269928	0.8862006068229675	0.9067676663398743	0.9146510362625122	0.9619119763374329	0.9083353281021118	0.9291430115699768	0.9639453291893005	0.8755843639373779	0.9322217106819153	0.9318121075630188	0.8866066336631775	0.8804926872253418	0.9159961938858032
98	0	0.9887129664421082	0.9818903803825378	0.9357431530952454	0.9279537200927734	0.9161489009857178	0.9852889776229858	1.0006691217422485	0.9572500586509705	0.9741162061691284	0.9775659441947937	0.8706412315368652	0.9314815402030945	1.1148202419281006	0.9451918005943298	1.024498701095581	1.2688276767730713
99	0	0.9854140877723694	0.9568390250205994	0.9655709266662598	0.8781781196594238	0.939550518989563	0.9883989691734314	1.007282018661499	0.9642173647880554	0.950639009475708	0.9675955176353455	0.9013155698776245	0.9789353013038635	0.9877618551254272	0.935045063495636	0.9556862711906433	1.1765953302383423
100	0	0.9944478869438171	0.9467653632164001	0.9420274496078491	1.0060135126113892	0.9235110878944397	0.9551723003387451	0.9602442383766174	1.0047863721847534	0.96244215965271	0.933914840221405	0.8659733533859253	0.9288470149040222	1.0355489253997803	0.9479212760925293	1.0693484544754028	1.0736688375473022
101	0	0.9073368906974792	0.9367586374282837	0.9342858195304871	0.8180821537971497	0.8902888298034668	0.945465624332428	1.0349467992782593	0.9449587464332581	0.9529822468757629	1.000679850578308	0.841025710105896	0.930422306060791	0.9372960329055786	0.934661865234375	0.9311774969100952	0.93125319480896
102	0	0.9672648906707764	0.9021573066711426	0.9063737392425537	0.8566027879714966	0.9285364747047424	0.960670530796051	0.9291908740997314	1.024126410484314	0.9235002398490906	1.0366746187210083	0.8996049761772156	0.902641236782074	0.8908903002738953	1.401776671409607	1.0397279262542725	0.8867822289466858
103	0	0.9480049014091492	0.9618383646011353	0.9315931797027588	0.8511362671852112	0.884388267993927	0.9617434740066528	0.9505273103713989	0.9487268328666687	0.898254930973053	0.963984489440918	0.8517717123031616	0.85068279504776	0.964532196521759	1.0098029375076294	0.9364137053489685	0.9052903056144714
104	0	0.949815571308136	0.8623189330101013	0.8900294899940491	0.8548677563667297	0.8994322419166565	0.8964549899101257	0.9284678101539612	0.9125766754150391	0.8996509313583374	1.0036851167678833	0.8405557870864868	0.9533475637435913	0.9453286528587341	0.9098783731460571	0.97556471824646	0.9350767135620117
105	0	0.9098498821258545	0.9672666192054749	0.9386290311813354	0.8484019041061401	0.8846991658210754	0.9535410404205322	0.984763503074646	0.9652992486953735	0.9228366017341614	0.9972583651542664	0.803093433380127	0.9072744846343994	0.9728113412857056	0.8539543151855469	0.9593438506126404	0.9207406044006348
106	0	0.9823965430259705	0.9201458692550659	0.935242772102356	0.8633480668067932	0.9384739398956299	0.9521173238754272	0.9749430418014526	0.9964148998260498	0.9419572353363037	0.9881095886230469	0.8837973475456238	0.9264602661132812	1.0485109090805054	0.952680766582489	1.0036568641662598	0.9301260709762573
107	0	0.9699835777282715	0.9504896402359009	0.9561817049980164	0.8805241584777832	0.9113753437995911	0.9670746922492981	0.9697876572608948	0.9739641547203064	0.9795036911964417	0.9733055233955383	0.8325698971748352	0.8946698904037476	1.0199322700500488	0.9218732714653015	1.0029597282409668	0.9269415736198425
108	0	0.9395888447761536	0.9150580167770386	0.9143029451370239	0.8183315396308899	0.9058340787887573	0.9200106859207153	0.9920125603675842	0.9491574764251709	0.9318227767944336	0.9742576479911804	0.8127484917640686	0.9795894026756287	0.9482114315032959	0.9061518311500549	0.9270042181015015	0.9289243817329407
109	0	0.9523981213569641	0.9542718529701233	0.9614548087120056	0.8753818869590759	0.917641818523407	0.9210264682769775	0.9658247232437134	0.9412381052970886	0.9247590899467468	1.04695463180542	0.8291540741920471	0.8031501770019531	0.851713240146637	0.8822014927864075	1.0262761116027832	0.8641834855079651
110	0	0.9881598353385925	0.9408710598945618	0.9164718389511108	0.8344448804855347	0.8960816264152527	0.929622232913971	0.9777460098266602	0.9813333749771118	0.9408797025680542	0.9762540459632874	0.8642054200172424	0.9618618488311768	0.9223232269287109	0.8545013070106506	0.8935034871101379	0.894789457321167
111	0	0.9125292301177979	0.9102221727371216	0.9135275483131409	0.825780987739563	0.8968973159790039	0.9388272762298584	0.9793482422828674	0.9231051206588745	0.9357749223709106	0.994369626045227	0.8126703500747681	0.8607765436172485	0.9945685267448425	0.8868921399116516	1.020446538925171	0.902997612953186
112	0	0.9744864702224731	0.8863862752914429	0.9128487706184387	0.8332189917564392	0.9349212646484375	0.9201245307922363	0.9438965916633606	0.9598103761672974	0.892702579498291	0.9546101689338684	0.8576993942260742	0.9462927579879761	0.943702220916748	0.9238277077674866	0.9120969176292419	0.9106136560440063
113	0	0.8989667892456055	0.9014330506324768	0.919026792049408	0.8426001667976379	0.8824180364608765	0.9423558712005615	0.9492594599723816	0.9222990274429321	0.9238986372947693	0.945275068283081	0.8125278353691101	0.9380772709846497	0.9441373348236084	0.8583360910415649	0.9640034437179565	0.891920268535614
114	0	0.951163113117218	0.8879215121269226	0.896492600440979	0.8581604361534119	0.9070730805397034	0.9405801296234131	0.9193965792655945	0.9336367249488831	0.8855066895484924	1.0094071626663208	0.8433735370635986	0.9352101683616638	0.9514629244804382	0.9019036293029785	0.9711061120033264	0.911750316619873
115	0	0.9127047657966614	0.9323587417602539	0.9354706406593323	0.8257939219474792	0.8844688534736633	0.938097357749939	0.9431700706481934	0.9614973664283752	0.9441729784011841	0.9932458996772766	0.8407430648803711	0.8426080942153931	0.9270360469818115	1.1635173559188843	0.9442055225372314	0.8970491290092468
116	0	0.935867965221405	0.9105710983276367	0.9370797872543335	0.8306791186332703	0.9159795045852661	0.9666248559951782	0.9609771370887756	0.9662593603134155	0.9662513732910156	1.034226894378662	0.8610938787460327	0.8974376320838928	0.8548202514648438	1.0388429164886475	0.9281777739524841	0.9261347651481628
117	0	0.95229572057724	0.9920719265937805	0.9597998857498169	0.8806384205818176	0.9297494888305664	0.9705533981323242	0.994862973690033	0.9920409321784973	0.9796439409255981	0.9990984201431274	0.8263563513755798	0.9185553193092346	0.9897040724754333	0.9683246612548828	0.9626849889755249	0.9310231804847717
118	0	0.9975284337997437	0.9152175784111023	0.9619128704071045	0.8848292827606201	0.9648941159248352	0.9662221074104309	0.9933772683143616	0.9539743065834045	0.9504242539405823	0.9539505243301392	0.9258376955986023	0.9440725445747375	0.9777699112892151	0.9998779296875	0.9137189388275146	0.9041672348976135
119	0	0.9645484089851379	0.9223911166191101	0.9335614442825317	0.8893111348152161	0.8845286965370178	0.9220125675201416	0.944270670413971	0.956893265247345	0.9177808165550232	1.001228928565979	0.8084112405776978	0.9041499495506287	0.9961819648742676	0.845564603805542	0.9667938947677612	0.8689342141151428
120	0	0.9090452194213867	0.9473102688789368	0.9057782292366028	0.8022279739379883	0.8847164511680603	0.8887485861778259	1.0288269519805908	0.931467592716217	0.9402573704719543	0.9941132664680481	0.8439396619796753	0.9688063859939575	0.902235746383667	0.8755655288696289	0.8856385946273804	0.8946610689163208
121	0	0.9243992567062378	0.9407024383544922	1.1283084154129028	0.8648427724838257	0.9280177354812622	0.9534169435501099	0.9650295376777649	0.9719105958938599	0.9238313436508179	0.9422171115875244	0.8419726490974426	0.9577103853225708	1.003342628479004	0.8953931927680969	1.0336333513259888	0.890001118183136
122	0	0.9160515666007996	0.9068589806556702	0.9570155143737793	0.8729250431060791	0.9120210409164429	0.9097655415534973	0.969406247138977	0.9299889206886292	0.8835976719856262	1.0158852338790894	0.8147984147071838	0.9433674216270447	0.9253446459770203	0.8830605149269104	0.9054512977600098	0.8967069387435913
123	0	0.8984213471412659	0.9174962043762207	0.9091384410858154	0.8663879036903381	0.9092940092086792	0.905917227268219	0.9449885487556458	0.9558935761451721	0.8990799188613892	0.9988569617271423	0.8081138730049133	0.8695573210716248	0.8692998290061951	0.8641607761383057	0.9642808437347412	0.8681129813194275
124	0	0.9464958906173706	0.8930637240409851	0.8970776200294495	0.8098549246788025	0.8861172199249268	0.9082344770431519	0.9344071745872498	0.9329962134361267	0.8910675644874573	1.0248714685440063	0.8106611967086792	0.9310981035232544	0.9134186506271362	0.8403535485267639	0.9045381546020508	0.8502696752548218
125	0	0.9465267658233643	0.9099406599998474	0.8766119480133057	0.8016736507415771	0.9437689781188965	0.9274216294288635	0.9345011711120605	0.9798017144203186	0.9113680124282837	1.0126858949661255	1.0459989309310913	0.9005528688430786	0.9330001473426819	0.8383936882019043	0.9412168264389038	0.8923065662384033
126	0	0.9547792077064514	0.9288961887359619	0.9039915800094604	0.8205944299697876	0.8792853355407715	0.8959169983863831	0.963691771030426	0.9369691014289856	0.8922202587127686	1.022682785987854	0.8372483849525452	0.8925013542175293	0.9152219891548157	0.8714376091957092	0.8777275681495667	0.8609293699264526
127	0	0.9186034798622131	0.8963700532913208	0.8893702626228333	0.8480813503265381	0.8992097973823547	0.9013028740882874	0.9684494137763977	0.9042783379554749	0.929702639579773	1.0329275131225586	0.7855591773986816	0.9454950094223022	0.924126148223877	0.8632963299751282	0.9865419864654541	0.9205667972564697
128	0	0.9787314534187317	0.9521042704582214	0.9593721628189087	0.7979613542556763	0.9295572638511658	0.9279205203056335	1.0259075164794922	0.9463818669319153	1.6008275747299194	0.9987909197807312	0.8295446038246155	0.9072381258010864	0.8904312252998352	0.9227453470230103	0.9472955465316772	0.9204374551773071
129	0	0.956255316734314	0.9227045178413391	0.9059630632400513	0.8630774021148682	0.9309584498405457	0.9030721783638	0.937283456325531	0.9381623864173889	1.1529372930526733	0.8899625539779663	0.8861296772956848	0.8704193830490112	0.9414047002792358	0.9504192471504211	1.0746890306472778	0.8872812390327454
130	0	0.9077438712120056	0.9452400207519531	0.9210090041160583	0.8302546143531799	0.897117018699646	0.9203713536262512	1.0162018537521362	0.9047773480415344	0.995011031627655	0.9723061323165894	0.8132664561271667	0.9201302528381348	0.9128267168998718	0.9000478386878967	0.9569931626319885	0.9215765595436096
131	0	0.925388514995575	0.8521140217781067	0.8620958924293518	0.8032309412956238	0.8676323294639587	0.8730641603469849	0.9417008757591248	0.9172523021697998	0.8752470016479492	0.9283073544502258	0.8176516890525818	0.8932172656059265	0.8858148455619812	0.8747498393058777	0.9700188040733337	0.9568817615509033
132	0	0.8915342688560486	0.9369767308235168	0.8966138362884521	0.8237977623939514	0.8492918014526367	0.9320870637893677	0.9432188272476196	0.9050289988517761	0.8794580698013306	0.9643990397453308	0.8300688862800598	0.921319305896759	0.8773285150527954	0.8683568835258484	0.9238988161087036	0.9090107083320618
133	0	0.9265199899673462	0.8705275654792786	0.8733167052268982	0.8143988251686096	0.89205002784729	0.8841256499290466	0.9282625913619995	0.9396910071372986	0.9089807868003845	0.9180328845977783	0.8348995447158813	0.9020605683326721	0.9102545380592346	0.8756876587867737	1.0173063278198242	0.9177955985069275
134	0	0.8724821209907532	0.9158379435539246	0.8943778872489929	1.009704351425171	0.8653253316879272	0.904053270816803	0.9542586207389832	0.9096133708953857	0.8866987228393555	0.9806212782859802	0.8251258134841919	0.859364926815033	0.8943605422973633	0.8633021712303162	0.9484280347824097	0.8870665431022644
135	0	0.9303174614906311	0.8331384062767029	0.8607689738273621	0.8092489838600159	0.8798373937606812	0.8711908459663391	0.9070594310760498	0.92499178647995	0.9063630700111389	0.9168387055397034	0.8610519170761108	0.9183239936828613	0.9158369302749634	0.8782253861427307	0.9124751687049866	0.8962892889976501
136	0	0.9248645305633545	0.8826524615287781	0.859918475151062	0.7628235220909119	0.9357213377952576	0.8855984210968018	0.9805757403373718	0.9081860780715942	0.9011659026145935	0.9597339630126953	1.0677754878997803	0.8672983646392822	0.8370621800422668	0.8669193983078003	0.9150910973548889	0.8520063757896423
137	0	0.8952623009681702	0.8440794944763184	0.8569632768630981	0.8279054760932922	0.8531821966171265	0.8620773553848267	0.8903380036354065	0.9118346571922302	0.8914576768875122	0.89092618227005	0.8016103506088257	0.859310507774353	0.9420193433761597	0.8381999135017395	0.8873053193092346	0.8873746395111084
138	0	0.8688958287239075	0.9346828460693359	0.887976884841919	0.7909548878669739	0.8828943967819214	0.9080610275268555	0.9989185333251953	0.90757155418396	0.9533812403678894	0.9179696440696716	0.8353670835494995	0.9201891422271729	0.905094563961029	0.9053238034248352	0.8353562355041504	0.9098573923110962
139	0	0.9311012625694275	0.8414303064346313	0.8922073841094971	0.8505024909973145	0.9055635333061218	0.8760350346565247	0.9154635667800903	0.9385903477668762	0.9191716313362122	0.9297047853469849	0.8428736925125122	0.9326146841049194	0.9484828114509583	0.8903915286064148	0.9466225504875183	0.92229163646698
140	0	0.891119658946991	0.8795199990272522	0.8909599184989929	0.8107290863990784	0.8952359557151794	0.9250635504722595	0.9519721865653992	0.9176598787307739	0.9762246608734131	0.9637568593025208	0.8331849575042725	0.9207687973976135	0.9631316065788269	0.9081809520721436	0.9597586393356323	0.9347554445266724
141	0	0.9048368334770203	0.8498350977897644	0.8552689552307129	0.8445834517478943	0.855726957321167	0.8837366700172424	0.9070204496383667	0.9209501147270203	0.8909621834754944	0.9707274436950684	0.8332475423812866	0.9133766293525696	0.9423632025718689	0.8440420031547546	0.8721573352813721	0.9133853316307068
142	0	0.8729701042175293	0.8548849821090698	0.8884378671646118	0.787800133228302	0.8639553785324097	0.8879256248474121	0.8895015716552734	0.8887524008750916	0.9195952415466309	0.935553789138794	0.8392685055732727	0.8937527537345886	0.9418988823890686	0.8943930268287659	0.8984037041664124	0.8378444314002991
143	0	0.8829030394554138	0.8427395224571228	0.8473838567733765	0.8512678146362305	0.8725720047950745	0.8618987202644348	0.9265429377555847	0.8852845430374146	0.8723927736282349	0.9051749110221863	0.8255037069320679	0.89031982421875	0.9358300566673279	0.8675602078437805	0.878040075302124	0.8818765878677368
144	0	0.8958361148834229	0.8954593539237976	0.9016883969306946	0.7991707921028137	0.8630305528640747	0.8889163732528687	0.9309438467025757	0.9198815226554871	0.9237127304077148	0.9319724440574646	0.8229396343231201	0.9189550280570984	0.8843950033187866	0.8941879272460938	0.9700592160224915	0.8933488130569458
145	0	0.8931335210800171	0.8987818360328674	0.8952304124832153	0.8174307346343994	0.9165744185447693	0.9152465462684631	0.9566740989685059	0.9060536623001099	0.9477884769439697	0.9805383682250977	0.8849765658378601	0.94389808177948	0.9205026626586914	0.9344559907913208	0.8704941868782043	0.9429606795310974
146	0	0.9584741592407227	0.9144197106361389	0.9678335189819336	0.86101895570755	0.9446603059768677	0.934654712677002	0.9400089979171753	0.951511025428772	0.9816623330116272	0.939092218875885	0.8958268165588379	0.8873358368873596	0.96476149559021	0.9477081894874573	1.0246647596359253	1.0023117065429688
147	0	0.8644474744796753	0.8690924644470215	0.9083787798881531	0.8293416500091553	0.948225736618042	0.9395155310630798	0.955263078212738	0.8691152334213257	0.9200289845466614	0.9083206057548523	0.8542158603668213	0.8619319796562195	0.9729855060577393	0.9459362030029297	0.8634463548660278	0.8675745725631714
148	0	0.9220045804977417	0.8311089873313904	0.8947622179985046	0.8550601601600647	0.8882617354393005	0.8607587814331055	0.8950843811035156	0.9027416110038757	0.901180624961853	0.9287285804748535	0.8313573598861694	0.8651129007339478	0.9469035267829895	0.8887215256690979	0.8659157752990723	0.8926860094070435
149	0	0.8646721243858337	0.8742841482162476	0.8839579224586487	0.8107391595840454	0.8828538656234741	0.9025433659553528	0.9232388138771057	0.8849097490310669	0.8817093372344971	0.9263643622398376	0.8192376494407654	0.8356884121894836	1.0052303075790405	0.8717221617698669	0.9830330014228821	0.8630871176719666
